timestamp,label,conf,x1,y1,x2,y2,cx,cy,depth_rel,depth_m,xyz_m,crop_path,e_engagement,e_stress,e_excitement
1760847058.1244862,person,0.8570,207,238,512,479,359,358,,,,data/live_crops/person/person_20251019_041058_00001_359_358.jpg,0.96,0.602,0.388
1760847058.1251385,car,0.5180,0,202,104,255,52,228,,,,data/live_crops/car/car_20251019_041058_00001_52_228.jpg,0.96,0.602,0.388
1760847058.1257393,suitcase,0.4469,5,398,161,479,83,438,,,,data/live_crops/suitcase/suitcase_20251019_041058_00001_83_438.jpg,0.96,0.602,0.388
1760847058.126338,bottle,0.3767,13,222,46,320,29,271,,,,data/live_crops/bottle/bottle_20251019_041058_00001_29_271.jpg,0.96,0.602,0.388
1760847058.1267478,bottle,0.2940,36,232,66,314,51,273,,,,data/live_crops/bottle/bottle_20251019_041058_00001_51_273.jpg,0.96,0.602,0.388
1760847058.240359,person,0.8675,207,237,510,479,358,358,,,,data/live_crops/person/person_20251019_041058_00002_358_358.jpg,0.96,0.602,0.388
1760847058.2410526,car,0.4701,0,201,109,255,54,228,,,,data/live_crops/car/car_20251019_041058_00002_54_228.jpg,0.96,0.602,0.388
1760847058.2416158,bottle,0.4375,13,222,46,319,29,270,,,,data/live_crops/bottle/bottle_20251019_041058_00002_29_270.jpg,0.96,0.602,0.388
1760847058.2420394,bottle,0.3990,36,231,64,314,50,272,,,,data/live_crops/bottle/bottle_20251019_041058_00002_50_272.jpg,0.96,0.602,0.388
1760847058.242507,suitcase,0.3388,0,399,164,479,82,439,,,,data/live_crops/suitcase/suitcase_20251019_041058_00002_82_439.jpg,0.96,0.602,0.388
1760847058.3566658,person,0.8652,206,236,516,479,361,357,,,,data/live_crops/person/person_20251019_041058_00003_361_357.jpg,0.96,0.602,0.388
1760847058.3572366,car,0.4513,0,202,106,255,53,228,,,,data/live_crops/car/car_20251019_041058_00003_53_228.jpg,0.96,0.602,0.388
1760847058.357753,suitcase,0.3864,0,399,161,479,80,439,,,,data/live_crops/suitcase/suitcase_20251019_041058_00003_80_439.jpg,0.96,0.602,0.388
1760847058.46877,person,0.8547,206,236,517,479,361,357,,,,data/live_crops/person/person_20251019_041058_00004_361_357.jpg,0.96,0.602,0.388
1760847058.469343,car,0.4527,0,202,104,255,52,228,,,,data/live_crops/car/car_20251019_041058_00004_52_228.jpg,0.96,0.602,0.388
1760847058.4698052,bottle,0.4315,37,242,67,313,52,277,,,,data/live_crops/bottle/bottle_20251019_041058_00004_52_277.jpg,0.96,0.602,0.388
1760847058.4703634,bottle,0.3231,14,222,46,319,30,270,,,,data/live_crops/bottle/bottle_20251019_041058_00004_30_270.jpg,0.96,0.602,0.388
1760847058.4709542,suitcase,0.3041,0,401,164,480,82,440,,,,data/live_crops/suitcase/suitcase_20251019_041058_00004_82_440.jpg,0.96,0.602,0.388
1760847058.5807836,person,0.8454,207,238,507,479,357,358,,,,data/live_crops/person/person_20251019_041058_00005_357_358.jpg,0.882,0.696,0.447
1760847058.5811806,bottle,0.5033,38,241,66,314,52,277,,,,data/live_crops/bottle/bottle_20251019_041058_00005_52_277.jpg,0.882,0.696,0.447
1760847058.5816314,bottle,0.4671,13,222,46,319,29,270,,,,data/live_crops/bottle/bottle_20251019_041058_00005_29_270.jpg,0.882,0.696,0.447
1760847058.5819414,car,0.4557,0,201,110,255,55,228,,,,data/live_crops/car/car_20251019_041058_00005_55_228.jpg,0.882,0.696,0.447
1760847058.5823371,suitcase,0.3747,3,402,161,479,82,440,,,,data/live_crops/suitcase/suitcase_20251019_041058_00005_82_440.jpg,0.882,0.696,0.447
1760847058.695773,person,0.8489,206,237,516,479,361,358,,,,data/live_crops/person/person_20251019_041058_00006_361_358.jpg,0.882,0.696,0.447
1760847058.696307,car,0.5364,0,201,110,255,55,228,,,,data/live_crops/car/car_20251019_041058_00006_55_228.jpg,0.882,0.696,0.447
1760847058.696823,bottle,0.4498,13,222,46,320,29,271,,,,data/live_crops/bottle/bottle_20251019_041058_00006_29_271.jpg,0.882,0.696,0.447
1760847058.697261,suitcase,0.3451,0,400,161,479,80,439,,,,data/live_crops/suitcase/suitcase_20251019_041058_00006_80_439.jpg,0.882,0.696,0.447
1760847058.697559,bottle,0.3110,39,241,65,311,52,276,,,,data/live_crops/bottle/bottle_20251019_041058_00006_52_276.jpg,0.882,0.696,0.447
1760847058.8118176,person,0.8364,208,237,508,479,358,358,,,,data/live_crops/person/person_20251019_041058_00007_358_358.jpg,0.882,0.696,0.447
1760847058.8124866,bottle,0.6664,13,223,45,320,29,271,,,,data/live_crops/bottle/bottle_20251019_041058_00007_29_271.jpg,0.882,0.696,0.447
1760847058.812849,bottle,0.5661,39,238,65,313,52,275,,,,data/live_crops/bottle/bottle_20251019_041058_00007_52_275.jpg,0.882,0.696,0.447
1760847058.8133361,suitcase,0.4390,5,400,161,479,83,439,,,,data/live_crops/suitcase/suitcase_20251019_041058_00007_83_439.jpg,0.882,0.696,0.447
1760847058.8136659,bottle,0.3005,161,223,188,293,174,258,,,,data/live_crops/bottle/bottle_20251019_041058_00007_174_258.jpg,0.882,0.696,0.447
1760847058.8140132,car,0.2981,0,201,113,256,56,228,,,,data/live_crops/car/car_20251019_041058_00007_56_228.jpg,0.882,0.696,0.447
1760847058.9583797,person,0.8468,207,236,508,479,357,357,,,,data/live_crops/person/person_20251019_041058_00008_357_357.jpg,0.882,0.696,0.447
1760847058.9587986,car,0.4533,0,201,109,255,54,228,,,,data/live_crops/car/car_20251019_041058_00008_54_228.jpg,0.882,0.696,0.447
1760847058.9592197,suitcase,0.4463,0,400,162,479,81,439,,,,data/live_crops/suitcase/suitcase_20251019_041058_00008_81_439.jpg,0.882,0.696,0.447
1760847058.9595706,bottle,0.3303,37,241,64,313,50,277,,,,data/live_crops/bottle/bottle_20251019_041058_00008_50_277.jpg,0.882,0.696,0.447
1760847058.9599748,bottle,0.3082,13,222,45,318,29,270,,,,data/live_crops/bottle/bottle_20251019_041058_00008_29_270.jpg,0.882,0.696,0.447
1760847059.0740578,person,0.8576,207,237,505,479,356,358,,,,data/live_crops/person/person_20251019_041059_00009_356_358.jpg,0.804,0.427,0.494
1760847059.0746515,bottle,0.4896,13,222,46,319,29,270,,,,data/live_crops/bottle/bottle_20251019_041059_00009_29_270.jpg,0.804,0.427,0.494
1760847059.0749528,car,0.4171,0,201,108,255,54,228,,,,data/live_crops/car/car_20251019_041059_00009_54_228.jpg,0.804,0.427,0.494
1760847059.0752769,bottle,0.3269,35,234,66,314,50,274,,,,data/live_crops/bottle/bottle_20251019_041059_00009_50_274.jpg,0.804,0.427,0.494
1760847059.075706,suitcase,0.3104,0,401,161,479,80,440,,,,data/live_crops/suitcase/suitcase_20251019_041059_00009_80_440.jpg,0.804,0.427,0.494
1760847059.2055228,person,0.8550,206,237,510,479,358,358,,,,data/live_crops/person/person_20251019_041059_00010_358_358.jpg,0.804,0.427,0.494
1760847059.2060392,car,0.5259,0,202,106,257,53,229,,,,data/live_crops/car/car_20251019_041059_00010_53_229.jpg,0.804,0.427,0.494
1760847059.206501,suitcase,0.3939,0,399,164,479,82,439,,,,data/live_crops/suitcase/suitcase_20251019_041059_00010_82_439.jpg,0.804,0.427,0.494
1760847059.2068405,bottle,0.3901,38,236,65,314,51,275,,,,data/live_crops/bottle/bottle_20251019_041059_00010_51_275.jpg,0.804,0.427,0.494
1760847059.3275008,person,0.8555,206,237,512,479,359,358,,,,data/live_crops/person/person_20251019_041059_00011_359_358.jpg,0.804,0.427,0.494
1760847059.3282502,bottle,0.5168,13,222,45,319,29,270,,,,data/live_crops/bottle/bottle_20251019_041059_00011_29_270.jpg,0.804,0.427,0.494
1760847059.3286173,bottle,0.4333,38,239,65,313,51,276,,,,data/live_crops/bottle/bottle_20251019_041059_00011_51_276.jpg,0.804,0.427,0.494
1760847059.3289325,car,0.3719,0,201,113,259,56,230,,,,data/live_crops/car/car_20251019_041059_00011_56_230.jpg,0.804,0.427,0.494
1760847059.3293338,suitcase,0.3475,0,401,161,479,80,440,,,,data/live_crops/suitcase/suitcase_20251019_041059_00011_80_440.jpg,0.804,0.427,0.494
1760847059.4576359,person,0.8550,207,237,506,479,356,358,,,,data/live_crops/person/person_20251019_041059_00012_356_358.jpg,0.804,0.427,0.494
1760847059.4585202,bottle,0.4867,14,223,46,319,30,271,,,,data/live_crops/bottle/bottle_20251019_041059_00012_30_271.jpg,0.804,0.427,0.494
1760847059.4592612,suitcase,0.3834,0,401,161,479,80,440,,,,data/live_crops/suitcase/suitcase_20251019_041059_00012_80_440.jpg,0.804,0.427,0.494
1760847059.4598274,bottle,0.2503,39,240,66,315,52,277,,,,data/live_crops/bottle/bottle_20251019_041059_00012_52_277.jpg,0.804,0.427,0.494
1760847059.5857387,person,0.8502,206,236,516,479,361,357,,,,data/live_crops/person/person_20251019_041059_00013_361_357.jpg,0.863,0.506,0.514
1760847059.5863926,bottle,0.7030,13,223,46,319,29,271,,,,data/live_crops/bottle/bottle_20251019_041059_00013_29_271.jpg,0.863,0.506,0.514
1760847059.5867693,bottle,0.6333,38,242,65,313,51,277,,,,data/live_crops/bottle/bottle_20251019_041059_00013_51_277.jpg,0.863,0.506,0.514
1760847059.5870829,car,0.3390,0,202,111,255,55,228,,,,data/live_crops/car/car_20251019_041059_00013_55_228.jpg,0.863,0.506,0.514
1760847059.5876768,bottle,0.2586,161,223,187,292,174,257,,,,data/live_crops/bottle/bottle_20251019_041059_00013_174_257.jpg,0.863,0.506,0.514
1760847059.6997588,person,0.8526,207,236,517,479,362,357,,,,data/live_crops/person/person_20251019_041059_00014_362_357.jpg,0.863,0.506,0.514
1760847059.700405,suitcase,0.5223,4,402,161,479,82,440,,,,data/live_crops/suitcase/suitcase_20251019_041059_00014_82_440.jpg,0.863,0.506,0.514
1760847059.7009628,bottle,0.3391,13,222,46,319,29,270,,,,data/live_crops/bottle/bottle_20251019_041059_00014_29_270.jpg,0.863,0.506,0.514
1760847059.7012815,car,0.2750,0,202,107,255,53,228,,,,data/live_crops/car/car_20251019_041059_00014_53_228.jpg,0.863,0.506,0.514
1760847059.7015686,bottle,0.2569,161,223,189,293,175,258,,,,data/live_crops/bottle/bottle_20251019_041059_00014_175_258.jpg,0.863,0.506,0.514
1760847059.8185792,person,0.8720,207,238,510,479,358,358,,,,data/live_crops/person/person_20251019_041059_00015_358_358.jpg,0.863,0.506,0.514
1760847059.8192377,bottle,0.5390,13,223,46,320,29,271,,,,data/live_crops/bottle/bottle_20251019_041059_00015_29_271.jpg,0.863,0.506,0.514
1760847059.8196492,bottle,0.4895,37,240,66,314,51,277,,,,data/live_crops/bottle/bottle_20251019_041059_00015_51_277.jpg,0.863,0.506,0.514
1760847059.819957,car,0.3743,0,201,105,256,52,228,,,,data/live_crops/car/car_20251019_041059_00015_52_228.jpg,0.863,0.506,0.514
1760847059.8203669,suitcase,0.2656,0,400,162,479,81,439,,,,data/live_crops/suitcase/suitcase_20251019_041059_00015_81_439.jpg,0.863,0.506,0.514
1760847059.9306173,person,0.8659,207,237,506,479,356,358,,,,data/live_crops/person/person_20251019_041059_00016_356_358.jpg,0.863,0.506,0.514
1760847059.9311588,bottle,0.6576,39,243,65,313,52,278,,,,data/live_crops/bottle/bottle_20251019_041059_00016_52_278.jpg,0.863,0.506,0.514
1760847059.9316423,bottle,0.5872,12,223,45,321,28,272,,,,data/live_crops/bottle/bottle_20251019_041059_00016_28_272.jpg,0.863,0.506,0.514
1760847059.9320502,car,0.4520,0,201,105,256,52,228,,,,data/live_crops/car/car_20251019_041059_00016_52_228.jpg,0.863,0.506,0.514
1760847060.0399532,person,0.8373,207,236,514,479,360,357,,,,data/live_crops/person/person_20251019_041100_00017_360_357.jpg,0.901,0.774,0.638
1760847060.040624,bottle,0.5299,13,222,46,320,29,271,,,,data/live_crops/bottle/bottle_20251019_041100_00017_29_271.jpg,0.901,0.774,0.638
1760847060.0410473,bottle,0.4511,37,232,65,314,51,273,,,,data/live_crops/bottle/bottle_20251019_041100_00017_51_273.jpg,0.901,0.774,0.638
1760847060.0414183,car,0.4253,0,202,108,255,54,228,,,,data/live_crops/car/car_20251019_041100_00017_54_228.jpg,0.901,0.774,0.638
1760847060.0418956,suitcase,0.3795,0,401,164,479,82,440,,,,data/live_crops/suitcase/suitcase_20251019_041100_00017_82_440.jpg,0.901,0.774,0.638
1760847060.1464286,person,0.8430,207,238,512,479,359,358,,,,data/live_crops/person/person_20251019_041100_00018_359_358.jpg,0.901,0.774,0.638
1760847060.1470828,bottle,0.5103,13,222,45,320,29,271,,,,data/live_crops/bottle/bottle_20251019_041100_00018_29_271.jpg,0.901,0.774,0.638
1760847060.1474571,car,0.4733,0,202,111,255,55,228,,,,data/live_crops/car/car_20251019_041100_00018_55_228.jpg,0.901,0.774,0.638
1760847060.1478033,bottle,0.3719,38,240,65,314,51,277,,,,data/live_crops/bottle/bottle_20251019_041100_00018_51_277.jpg,0.901,0.774,0.638
1760847060.3036792,person,0.8404,207,238,506,479,356,358,,,,data/live_crops/person/person_20251019_041100_00019_356_358.jpg,0.901,0.774,0.638
1760847060.3041294,bottle,0.4752,38,242,63,314,50,278,,,,data/live_crops/bottle/bottle_20251019_041100_00019_50_278.jpg,0.901,0.774,0.638
1760847060.3045542,bottle,0.4615,14,223,45,319,29,271,,,,data/live_crops/bottle/bottle_20251019_041100_00019_29_271.jpg,0.901,0.774,0.638
1760847060.3050027,suitcase,0.3524,0,402,161,479,80,440,,,,data/live_crops/suitcase/suitcase_20251019_041100_00019_80_440.jpg,0.901,0.774,0.638
1760847060.3053112,car,0.3188,0,202,111,256,55,229,,,,data/live_crops/car/car_20251019_041100_00019_55_229.jpg,0.901,0.774,0.638
1760847060.449784,person,0.8397,207,237,511,479,359,358,,,,data/live_crops/person/person_20251019_041100_00020_359_358.jpg,0.901,0.774,0.638
1760847060.450665,bottle,0.6320,13,223,45,319,29,271,,,,data/live_crops/bottle/bottle_20251019_041100_00020_29_271.jpg,0.901,0.774,0.638
1760847060.4514303,bottle,0.4804,37,227,64,314,50,270,,,,data/live_crops/bottle/bottle_20251019_041100_00020_50_270.jpg,0.901,0.774,0.638
1760847060.4519024,car,0.3946,0,202,114,255,57,228,,,,data/live_crops/car/car_20251019_041100_00020_57_228.jpg,0.901,0.774,0.638
1760847060.452529,suitcase,0.3486,1,401,161,479,81,440,,,,data/live_crops/suitcase/suitcase_20251019_041100_00020_81_440.jpg,0.901,0.774,0.638
1760847060.5902781,person,0.8383,207,237,510,479,358,358,,,,data/live_crops/person/person_20251019_041100_00021_358_358.jpg,0.905,0.751,0.539
1760847060.5905728,car,0.4984,0,201,105,255,52,228,,,,data/live_crops/car/car_20251019_041100_00021_52_228.jpg,0.905,0.751,0.539
1760847060.5908356,bottle,0.4356,38,242,63,313,50,277,,,,data/live_crops/bottle/bottle_20251019_041100_00021_50_277.jpg,0.905,0.751,0.539
1760847060.591213,bottle,0.4080,13,223,45,317,29,270,,,,data/live_crops/bottle/bottle_20251019_041100_00021_29_270.jpg,0.905,0.751,0.539
1760847060.5915742,suitcase,0.3611,0,399,164,480,82,439,,,,data/live_crops/suitcase/suitcase_20251019_041100_00021_82_439.jpg,0.905,0.751,0.539
1760847060.7022133,person,0.8465,207,236,511,479,359,357,,,,data/live_crops/person/person_20251019_041100_00022_359_357.jpg,0.905,0.751,0.539
1760847060.702729,car,0.5975,0,202,111,255,55,228,,,,data/live_crops/car/car_20251019_041100_00022_55_228.jpg,0.905,0.751,0.539
1760847060.7031024,bottle,0.3018,37,240,66,313,51,276,,,,data/live_crops/bottle/bottle_20251019_041100_00022_51_276.jpg,0.905,0.751,0.539
1760847060.7035627,suitcase,0.2788,0,398,165,480,82,439,,,,data/live_crops/suitcase/suitcase_20251019_041100_00022_82_439.jpg,0.905,0.751,0.539
1760847060.8117108,person,0.8526,207,237,510,479,358,358,,,,data/live_crops/person/person_20251019_041100_00023_358_358.jpg,0.905,0.751,0.539
1760847060.8123448,bottle,0.6962,14,223,45,319,29,271,,,,data/live_crops/bottle/bottle_20251019_041100_00023_29_271.jpg,0.905,0.751,0.539
1760847060.812705,bottle,0.5453,37,235,65,314,51,274,,,,data/live_crops/bottle/bottle_20251019_041100_00023_51_274.jpg,0.905,0.751,0.539
1760847060.8130887,suitcase,0.4111,6,400,161,479,83,439,,,,data/live_crops/suitcase/suitcase_20251019_041100_00023_83_439.jpg,0.905,0.751,0.539
1760847060.8133547,car,0.2682,0,201,110,256,55,228,,,,data/live_crops/car/car_20251019_041100_00023_55_228.jpg,0.905,0.751,0.539
1760847060.943583,person,0.8442,207,238,511,479,359,358,,,,data/live_crops/person/person_20251019_041100_00024_359_358.jpg,0.905,0.751,0.539
1760847060.9440758,car,0.4433,0,202,108,255,54,228,,,,data/live_crops/car/car_20251019_041100_00024_54_228.jpg,0.905,0.751,0.539
1760847060.9446707,bottle,0.2558,13,222,46,319,29,270,,,,data/live_crops/bottle/bottle_20251019_041100_00024_29_270.jpg,0.905,0.751,0.539
1760847061.0955262,person,0.8835,206,237,508,479,357,358,,,,data/live_crops/person/person_20251019_041101_00025_357_358.jpg,0.351,0.436,0.681
1760847061.0959606,car,0.6186,0,202,110,254,55,228,,,,data/live_crops/car/car_20251019_041101_00025_55_228.jpg,0.351,0.436,0.681
1760847061.0963595,suitcase,0.4333,5,401,161,479,83,440,,,,data/live_crops/suitcase/suitcase_20251019_041101_00025_83_440.jpg,0.351,0.436,0.681
1760847061.096617,book,0.2808,589,362,640,394,614,378,,,,data/live_crops/book/book_20251019_041101_00025_614_378.jpg,0.351,0.436,0.681
1760847061.267212,person,0.8707,207,237,506,479,356,358,,,,data/live_crops/person/person_20251019_041101_00026_356_358.jpg,0.351,0.436,0.681
1760847061.2679124,bottle,0.6268,13,223,45,319,29,271,,,,data/live_crops/bottle/bottle_20251019_041101_00026_29_271.jpg,0.351,0.436,0.681
1760847061.2682908,bottle,0.5507,37,241,65,314,51,277,,,,data/live_crops/bottle/bottle_20251019_041101_00026_51_277.jpg,0.351,0.436,0.681
1760847061.2687125,suitcase,0.2672,0,400,164,480,82,440,,,,data/live_crops/suitcase/suitcase_20251019_041101_00026_82_440.jpg,0.351,0.436,0.681
1760847061.3803349,person,0.8567,206,238,511,479,358,358,,,,data/live_crops/person/person_20251019_041101_00027_358_358.jpg,0.351,0.436,0.681
1760847061.3808916,bottle,0.5528,37,239,64,314,50,276,,,,data/live_crops/bottle/bottle_20251019_041101_00027_50_276.jpg,0.351,0.436,0.681
1760847061.381365,bottle,0.5364,14,222,45,319,29,270,,,,data/live_crops/bottle/bottle_20251019_041101_00027_29_270.jpg,0.351,0.436,0.681
1760847061.3818076,suitcase,0.3821,5,402,161,479,83,440,,,,data/live_crops/suitcase/suitcase_20251019_041101_00027_83_440.jpg,0.351,0.436,0.681
1760847061.3821259,car,0.3195,0,201,105,255,52,228,,,,data/live_crops/car/car_20251019_041101_00027_52_228.jpg,0.351,0.436,0.681
1760847061.497979,person,0.8550,207,236,510,479,358,357,,,,data/live_crops/person/person_20251019_041101_00028_358_357.jpg,0.351,0.436,0.681
1760847061.4985156,bottle,0.5013,38,242,65,314,51,278,,,,data/live_crops/bottle/bottle_20251019_041101_00028_51_278.jpg,0.351,0.436,0.681
1760847061.4988859,car,0.4428,0,202,111,256,55,229,,,,data/live_crops/car/car_20251019_041101_00028_55_229.jpg,0.351,0.436,0.681
1760847061.4993618,suitcase,0.3185,4,402,161,479,82,440,,,,data/live_crops/suitcase/suitcase_20251019_041101_00028_82_440.jpg,0.351,0.436,0.681
1760847061.4999266,bottle,0.3167,14,222,45,317,29,269,,,,data/live_crops/bottle/bottle_20251019_041101_00028_29_269.jpg,0.351,0.436,0.681
1760847061.5004208,car,0.2839,0,201,114,284,57,242,,,,data/live_crops/car/car_20251019_041101_00028_57_242.jpg,0.351,0.436,0.681
1760847061.6466413,person,0.8489,207,237,517,479,362,358,,,,data/live_crops/person/person_20251019_041101_00029_362_358.jpg,0.736,0.523,0.745
1760847061.6470368,car,0.5661,0,201,111,255,55,228,,,,data/live_crops/car/car_20251019_041101_00029_55_228.jpg,0.736,0.523,0.745
1760847061.647392,bottle,0.3562,38,241,67,314,52,277,,,,data/live_crops/bottle/bottle_20251019_041101_00029_52_277.jpg,0.736,0.523,0.745
1760847061.6478164,suitcase,0.3037,5,402,161,479,83,440,,,,data/live_crops/suitcase/suitcase_20251019_041101_00029_83_440.jpg,0.736,0.523,0.745
1760847061.8014538,person,0.8435,207,237,515,479,361,358,,,,data/live_crops/person/person_20251019_041101_00030_361_358.jpg,0.736,0.523,0.745
1760847061.8019857,car,0.5649,0,202,111,255,55,228,,,,data/live_crops/car/car_20251019_041101_00030_55_228.jpg,0.736,0.523,0.745
1760847061.802437,suitcase,0.3435,1,401,164,479,82,440,,,,data/live_crops/suitcase/suitcase_20251019_041101_00030_82_440.jpg,0.736,0.523,0.745
1760847061.949095,person,0.8455,206,238,509,479,357,358,,,,data/live_crops/person/person_20251019_041101_00031_357_358.jpg,0.736,0.523,0.745
1760847061.9496913,bottle,0.6242,13,223,46,319,29,271,,,,data/live_crops/bottle/bottle_20251019_041101_00031_29_271.jpg,0.736,0.523,0.745
1760847061.9500184,bottle,0.4326,38,240,65,314,51,277,,,,data/live_crops/bottle/bottle_20251019_041101_00031_51_277.jpg,0.736,0.523,0.745
1760847061.9503937,suitcase,0.4166,3,403,161,479,82,441,,,,data/live_crops/suitcase/suitcase_20251019_041101_00031_82_441.jpg,0.736,0.523,0.745
1760847061.9506767,car,0.3878,0,202,112,255,56,228,,,,data/live_crops/car/car_20251019_041101_00031_56_228.jpg,0.736,0.523,0.745
1760847062.0634046,person,0.8615,206,236,508,479,357,357,,,,data/live_crops/person/person_20251019_041102_00032_357_357.jpg,0.909,0.474,0.246
1760847062.0639565,car,0.5064,0,202,111,255,55,228,,,,data/live_crops/car/car_20251019_041102_00032_55_228.jpg,0.909,0.474,0.246
1760847062.0644217,suitcase,0.3197,4,401,161,479,82,440,,,,data/live_crops/suitcase/suitcase_20251019_041102_00032_82_440.jpg,0.909,0.474,0.246
1760847062.1832066,person,0.8525,207,237,507,479,357,358,,,,data/live_crops/person/person_20251019_041102_00033_357_358.jpg,0.909,0.474,0.246
1760847062.1839705,bottle,0.5014,13,222,46,319,29,270,,,,data/live_crops/bottle/bottle_20251019_041102_00033_29_270.jpg,0.909,0.474,0.246
1760847062.184437,bottle,0.4995,38,242,65,314,51,278,,,,data/live_crops/bottle/bottle_20251019_041102_00033_51_278.jpg,0.909,0.474,0.246
1760847062.1849098,suitcase,0.4057,6,402,161,479,83,440,,,,data/live_crops/suitcase/suitcase_20251019_041102_00033_83_440.jpg,0.909,0.474,0.246
1760847062.1853163,car,0.4016,0,202,112,256,56,229,,,,data/live_crops/car/car_20251019_041102_00033_56_229.jpg,0.909,0.474,0.246
1760847062.2985373,person,0.8587,207,237,509,479,358,358,,,,data/live_crops/person/person_20251019_041102_00034_358_358.jpg,0.909,0.474,0.246
1760847062.299473,bottle,0.4979,13,223,46,319,29,271,,,,data/live_crops/bottle/bottle_20251019_041102_00034_29_271.jpg,0.909,0.474,0.246
1760847062.3000767,bottle,0.4447,37,240,66,313,51,276,,,,data/live_crops/bottle/bottle_20251019_041102_00034_51_276.jpg,0.909,0.474,0.246
1760847062.3004115,car,0.4112,0,202,113,255,56,228,,,,data/live_crops/car/car_20251019_041102_00034_56_228.jpg,0.909,0.474,0.246
1760847062.300759,suitcase,0.3853,4,402,161,479,82,440,,,,data/live_crops/suitcase/suitcase_20251019_041102_00034_82_440.jpg,0.909,0.474,0.246
1760847062.3014379,person,0.2701,407,213,564,363,485,288,,,,data/live_crops/person/person_20251019_041102_00034_485_288.jpg,0.909,0.474,0.246
1760847062.4129827,person,0.8474,207,239,504,479,355,359,,,,data/live_crops/person/person_20251019_041102_00035_355_359.jpg,0.909,0.474,0.246
1760847062.4135082,car,0.4117,0,202,110,255,55,228,,,,data/live_crops/car/car_20251019_041102_00035_55_228.jpg,0.909,0.474,0.246
1760847062.414087,suitcase,0.3874,0,400,164,479,82,439,,,,data/live_crops/suitcase/suitcase_20251019_041102_00035_82_439.jpg,0.909,0.474,0.246
1760847062.5312655,person,0.8606,206,236,517,479,361,357,,,,data/live_crops/person/person_20251019_041102_00036_361_357.jpg,0.345,0.226,0.352
1760847062.531611,car,0.5072,0,202,111,256,55,229,,,,data/live_crops/car/car_20251019_041102_00036_55_229.jpg,0.345,0.226,0.352
1760847062.5320144,suitcase,0.3987,3,402,161,479,82,440,,,,data/live_crops/suitcase/suitcase_20251019_041102_00036_82_440.jpg,0.345,0.226,0.352
1760847062.5324397,bottle,0.2976,14,222,45,319,29,270,,,,data/live_crops/bottle/bottle_20251019_041102_00036_29_270.jpg,0.345,0.226,0.352
1760847062.532734,bottle,0.2573,38,241,66,311,52,276,,,,data/live_crops/bottle/bottle_20251019_041102_00036_52_276.jpg,0.345,0.226,0.352
1760847062.6487122,person,0.8692,207,237,505,479,356,358,,,,data/live_crops/person/person_20251019_041102_00037_356_358.jpg,0.345,0.226,0.352
1760847062.6493416,bottle,0.6816,13,223,45,319,29,271,,,,data/live_crops/bottle/bottle_20251019_041102_00037_29_271.jpg,0.345,0.226,0.352
1760847062.6496665,bottle,0.6121,37,237,66,313,51,275,,,,data/live_crops/bottle/bottle_20251019_041102_00037_51_275.jpg,0.345,0.226,0.352
1760847062.6500645,suitcase,0.4137,4,402,161,479,82,440,,,,data/live_crops/suitcase/suitcase_20251019_041102_00037_82_440.jpg,0.345,0.226,0.352
1760847062.7676396,person,0.8629,207,236,515,479,361,357,,,,data/live_crops/person/person_20251019_041102_00038_361_357.jpg,0.345,0.226,0.352
1760847062.7681816,bottle,0.5119,37,241,67,313,52,277,,,,data/live_crops/bottle/bottle_20251019_041102_00038_52_277.jpg,0.345,0.226,0.352
1760847062.768576,car,0.4320,0,202,109,255,54,228,,,,data/live_crops/car/car_20251019_041102_00038_54_228.jpg,0.345,0.226,0.352
1760847062.7691755,bottle,0.4084,13,223,45,318,29,270,,,,data/live_crops/bottle/bottle_20251019_041102_00038_29_270.jpg,0.345,0.226,0.352
1760847062.7697608,suitcase,0.2958,1,401,164,479,82,440,,,,data/live_crops/suitcase/suitcase_20251019_041102_00038_82_440.jpg,0.345,0.226,0.352
1760847062.886006,person,0.8380,208,237,511,479,359,358,,,,data/live_crops/person/person_20251019_041102_00039_359_358.jpg,0.345,0.226,0.352
1760847062.8865507,bottle,0.5140,37,242,65,314,51,278,,,,data/live_crops/bottle/bottle_20251019_041102_00039_51_278.jpg,0.345,0.226,0.352
1760847062.8870316,bottle,0.4688,14,222,45,319,29,270,,,,data/live_crops/bottle/bottle_20251019_041102_00039_29_270.jpg,0.345,0.226,0.352
1760847062.8873901,car,0.3968,0,202,109,256,54,229,,,,data/live_crops/car/car_20251019_041102_00039_54_229.jpg,0.345,0.226,0.352
1760847062.8878298,suitcase,0.3051,1,401,164,479,82,440,,,,data/live_crops/suitcase/suitcase_20251019_041102_00039_82_440.jpg,0.345,0.226,0.352
1760847063.0016012,person,0.8543,207,237,512,479,359,358,,,,data/live_crops/person/person_20251019_041103_00040_359_358.jpg,0.345,0.226,0.352
1760847063.002277,bottle,0.6972,13,222,46,320,29,271,,,,data/live_crops/bottle/bottle_20251019_041103_00040_29_271.jpg,0.345,0.226,0.352
1760847063.0026703,bottle,0.5271,38,241,64,312,51,276,,,,data/live_crops/bottle/bottle_20251019_041103_00040_51_276.jpg,0.345,0.226,0.352
1760847063.003007,car,0.3951,0,202,112,255,56,228,,,,data/live_crops/car/car_20251019_041103_00040_56_228.jpg,0.345,0.226,0.352
1760847063.0034826,suitcase,0.3295,3,401,161,479,82,440,,,,data/live_crops/suitcase/suitcase_20251019_041103_00040_82_440.jpg,0.345,0.226,0.352
1760847063.1258202,person,0.8546,207,236,508,479,357,357,,,,data/live_crops/person/person_20251019_041103_00041_357_357.jpg,0.366,0.643,0.831
1760847063.1264203,car,0.5166,0,201,109,255,54,228,,,,data/live_crops/car/car_20251019_041103_00041_54_228.jpg,0.366,0.643,0.831
1760847063.126956,suitcase,0.3442,3,400,161,479,82,439,,,,data/live_crops/suitcase/suitcase_20251019_041103_00041_82_439.jpg,0.366,0.643,0.831
1760847063.1273322,bottle,0.3008,37,241,65,313,51,277,,,,data/live_crops/bottle/bottle_20251019_041103_00041_51_277.jpg,0.366,0.643,0.831
1760847063.2377756,person,0.8655,207,236,514,479,360,357,,,,data/live_crops/person/person_20251019_041103_00042_360_357.jpg,0.366,0.643,0.831
1760847063.2383432,car,0.4883,0,202,105,256,52,229,,,,data/live_crops/car/car_20251019_041103_00042_52_229.jpg,0.366,0.643,0.831
1760847063.2387786,suitcase,0.3828,1,400,164,479,82,439,,,,data/live_crops/suitcase/suitcase_20251019_041103_00042_82_439.jpg,0.366,0.643,0.831
1760847063.2391272,bottle,0.2811,37,240,66,315,51,277,,,,data/live_crops/bottle/bottle_20251019_041103_00042_51_277.jpg,0.366,0.643,0.831
1760847063.3567955,person,0.8563,207,237,514,479,360,358,,,,data/live_crops/person/person_20251019_041103_00043_360_358.jpg,0.366,0.643,0.831
1760847063.3574998,car,0.5767,0,201,111,255,55,228,,,,data/live_crops/car/car_20251019_041103_00043_55_228.jpg,0.366,0.643,0.831
1760847063.357907,bottle,0.5509,39,242,65,313,52,277,,,,data/live_crops/bottle/bottle_20251019_041103_00043_52_277.jpg,0.366,0.643,0.831
1760847063.3583279,bottle,0.4176,14,222,45,318,29,270,,,,data/live_crops/bottle/bottle_20251019_041103_00043_29_270.jpg,0.366,0.643,0.831
1760847063.3587303,suitcase,0.3895,6,401,161,479,83,440,,,,data/live_crops/suitcase/suitcase_20251019_041103_00043_83_440.jpg,0.366,0.643,0.831
1760847063.4673386,person,0.8332,208,237,511,479,359,358,,,,data/live_crops/person/person_20251019_041103_00044_359_358.jpg,0.366,0.643,0.831
1760847063.4679916,bottle,0.6913,13,223,45,320,29,271,,,,data/live_crops/bottle/bottle_20251019_041103_00044_29_271.jpg,0.366,0.643,0.831
1760847063.4684255,bottle,0.4847,36,227,63,313,49,270,,,,data/live_crops/bottle/bottle_20251019_041103_00044_49_270.jpg,0.366,0.643,0.831
1760847063.468894,suitcase,0.2926,3,402,161,479,82,440,,,,data/live_crops/suitcase/suitcase_20251019_041103_00044_82_440.jpg,0.366,0.643,0.831
1760847063.4693072,car,0.2883,0,201,129,257,64,229,,,,data/live_crops/car/car_20251019_041103_00044_64_229.jpg,0.366,0.643,0.831
1760847063.469568,book,0.2607,589,362,640,393,614,377,,,,data/live_crops/book/book_20251019_041103_00044_614_377.jpg,0.366,0.643,0.831
1760847063.5792048,person,0.8684,207,237,506,479,356,358,,,,data/live_crops/person/person_20251019_041103_00045_356_358.jpg,0.982,0.563,0.696
1760847063.579625,bottle,0.5305,36,230,66,314,51,272,,,,data/live_crops/bottle/bottle_20251019_041103_00045_51_272.jpg,0.982,0.563,0.696
1760847063.580069,bottle,0.4719,12,222,46,320,29,271,,,,data/live_crops/bottle/bottle_20251019_041103_00045_29_271.jpg,0.982,0.563,0.696
1760847063.5803664,car,0.4455,0,201,108,255,54,228,,,,data/live_crops/car/car_20251019_041103_00045_54_228.jpg,0.982,0.563,0.696
1760847063.5807593,suitcase,0.2960,0,401,161,479,80,440,,,,data/live_crops/suitcase/suitcase_20251019_041103_00045_80_440.jpg,0.982,0.563,0.696
1760847063.7029023,person,0.8416,208,237,506,479,357,358,,,,data/live_crops/person/person_20251019_041103_00046_357_358.jpg,0.982,0.563,0.696
1760847063.7036855,bottle,0.5759,14,222,45,320,29,271,,,,data/live_crops/bottle/bottle_20251019_041103_00046_29_271.jpg,0.982,0.563,0.696
1760847063.704165,car,0.5048,0,202,105,255,52,228,,,,data/live_crops/car/car_20251019_041103_00046_52_228.jpg,0.982,0.563,0.696
1760847063.704566,bottle,0.4807,38,242,64,313,51,277,,,,data/live_crops/bottle/bottle_20251019_041103_00046_51_277.jpg,0.982,0.563,0.696
1760847063.7050173,suitcase,0.3913,0,401,164,480,82,440,,,,data/live_crops/suitcase/suitcase_20251019_041103_00046_82_440.jpg,0.982,0.563,0.696
1760847063.8465717,person,0.8424,207,236,518,479,362,357,,,,data/live_crops/person/person_20251019_041103_00047_362_357.jpg,0.982,0.563,0.696
1760847063.8469954,car,0.5839,0,202,107,254,53,228,,,,data/live_crops/car/car_20251019_041103_00047_53_228.jpg,0.982,0.563,0.696
1760847063.8473334,bottle,0.3412,37,233,66,313,51,273,,,,data/live_crops/bottle/bottle_20251019_041103_00047_51_273.jpg,0.982,0.563,0.696
1760847063.8477347,suitcase,0.3285,3,399,161,479,82,439,,,,data/live_crops/suitcase/suitcase_20251019_041103_00047_82_439.jpg,0.982,0.563,0.696
1760847063.8481596,bottle,0.2816,13,222,46,319,29,270,,,,data/live_crops/bottle/bottle_20251019_041103_00047_29_270.jpg,0.982,0.563,0.696
1760847063.9954672,person,0.8622,207,235,509,479,358,357,,,,data/live_crops/person/person_20251019_041103_00048_358_357.jpg,0.982,0.563,0.696
1760847063.995887,suitcase,0.4823,4,401,161,479,82,440,,,,data/live_crops/suitcase/suitcase_20251019_041103_00048_82_440.jpg,0.982,0.563,0.696
1760847063.9962008,bottle,0.4418,36,238,67,313,51,275,,,,data/live_crops/bottle/bottle_20251019_041103_00048_51_275.jpg,0.982,0.563,0.696
1760847063.996497,car,0.4131,0,202,108,255,54,228,,,,data/live_crops/car/car_20251019_041103_00048_54_228.jpg,0.982,0.563,0.696
1760847063.9969072,bottle,0.4085,14,223,46,319,30,271,,,,data/live_crops/bottle/bottle_20251019_041103_00048_30_271.jpg,0.982,0.563,0.696
1760847064.1481917,person,0.8552,207,236,511,479,359,357,,,,data/live_crops/person/person_20251019_041104_00049_359_357.jpg,0.732,0.849,0.779
1760847064.1485484,car,0.5522,0,202,110,255,55,228,,,,data/live_crops/car/car_20251019_041104_00049_55_228.jpg,0.732,0.849,0.779
1760847064.148915,bottle,0.5315,35,230,67,314,51,272,,,,data/live_crops/bottle/bottle_20251019_041104_00049_51_272.jpg,0.732,0.849,0.779
1760847064.1493173,bottle,0.3373,14,222,46,318,30,270,,,,data/live_crops/bottle/bottle_20251019_041104_00049_30_270.jpg,0.732,0.849,0.779
1760847064.1497045,suitcase,0.2968,0,401,161,479,80,440,,,,data/live_crops/suitcase/suitcase_20251019_041104_00049_80_440.jpg,0.732,0.849,0.779
1760847064.2997046,person,0.8734,207,235,503,479,355,357,,,,data/live_crops/person/person_20251019_041104_00050_355_357.jpg,0.732,0.849,0.779
1760847064.3002777,suitcase,0.3882,1,400,164,480,82,440,,,,data/live_crops/suitcase/suitcase_20251019_041104_00050_82_440.jpg,0.732,0.849,0.779
1760847064.300694,bottle,0.3680,36,231,65,314,50,272,,,,data/live_crops/bottle/bottle_20251019_041104_00050_50_272.jpg,0.732,0.849,0.779
1760847064.3011482,bottle,0.3415,14,222,46,318,30,270,,,,data/live_crops/bottle/bottle_20251019_041104_00050_30_270.jpg,0.732,0.849,0.779
1760847064.3016043,car,0.3322,0,201,107,255,53,228,,,,data/live_crops/car/car_20251019_041104_00050_53_228.jpg,0.732,0.849,0.779
1760847064.3019261,book,0.2607,590,362,639,394,614,378,,,,data/live_crops/book/book_20251019_041104_00050_614_378.jpg,0.732,0.849,0.779
1760847064.4488387,person,0.8810,208,238,507,479,357,358,,,,data/live_crops/person/person_20251019_041104_00051_357_358.jpg,0.732,0.849,0.779
1760847064.4493375,bottle,0.5949,13,222,46,320,29,271,,,,data/live_crops/bottle/bottle_20251019_041104_00051_29_271.jpg,0.732,0.849,0.779
1760847064.4496646,bottle,0.5316,37,240,65,313,51,276,,,,data/live_crops/bottle/bottle_20251019_041104_00051_51_276.jpg,0.732,0.849,0.779
1760847064.4499924,car,0.4320,0,202,107,255,53,228,,,,data/live_crops/car/car_20251019_041104_00051_53_228.jpg,0.732,0.849,0.779
1760847064.4504118,suitcase,0.3845,2,400,161,479,81,439,,,,data/live_crops/suitcase/suitcase_20251019_041104_00051_81_439.jpg,0.732,0.849,0.779
1760847064.558209,person,0.8749,208,237,508,479,358,358,,,,data/live_crops/person/person_20251019_041104_00052_358_358.jpg,0.65,0.359,0.315
1760847064.5587552,bottle,0.4716,38,241,66,314,52,277,,,,data/live_crops/bottle/bottle_20251019_041104_00052_52_277.jpg,0.65,0.359,0.315
1760847064.5591693,car,0.4553,0,201,111,256,55,228,,,,data/live_crops/car/car_20251019_041104_00052_55_228.jpg,0.65,0.359,0.315
1760847064.5596716,bottle,0.3940,13,222,46,319,29,270,,,,data/live_crops/bottle/bottle_20251019_041104_00052_29_270.jpg,0.65,0.359,0.315
1760847064.5602505,suitcase,0.3648,7,396,161,479,84,437,,,,data/live_crops/suitcase/suitcase_20251019_041104_00052_84_437.jpg,0.65,0.359,0.315
1760847064.6692631,person,0.8826,208,237,504,479,356,358,,,,data/live_crops/person/person_20251019_041104_00053_356_358.jpg,0.65,0.359,0.315
1760847064.6697161,suitcase,0.5074,7,402,161,479,84,440,,,,data/live_crops/suitcase/suitcase_20251019_041104_00053_84_440.jpg,0.65,0.359,0.315
1760847064.6700382,car,0.4289,0,202,108,255,54,228,,,,data/live_crops/car/car_20251019_041104_00053_54_228.jpg,0.65,0.359,0.315
1760847064.6704817,bottle,0.3500,13,222,46,319,29,270,,,,data/live_crops/bottle/bottle_20251019_041104_00053_29_270.jpg,0.65,0.359,0.315
1760847064.6707826,bottle,0.3054,39,242,66,311,52,276,,,,data/live_crops/bottle/bottle_20251019_041104_00053_52_276.jpg,0.65,0.359,0.315
1760847064.7836158,person,0.8869,208,236,507,479,357,357,,,,data/live_crops/person/person_20251019_041104_00054_357_357.jpg,0.65,0.359,0.315
1760847064.7842383,bottle,0.6006,13,223,45,319,29,271,,,,data/live_crops/bottle/bottle_20251019_041104_00054_29_271.jpg,0.65,0.359,0.315
1760847064.7845576,bottle,0.5319,37,238,66,313,51,275,,,,data/live_crops/bottle/bottle_20251019_041104_00054_51_275.jpg,0.65,0.359,0.315
1760847064.7849832,suitcase,0.2953,0,400,164,480,82,440,,,,data/live_crops/suitcase/suitcase_20251019_041104_00054_82_440.jpg,0.65,0.359,0.315
1760847064.785279,car,0.2802,0,201,107,256,53,228,,,,data/live_crops/car/car_20251019_041104_00054_53_228.jpg,0.65,0.359,0.315
1760847064.902457,person,0.8547,208,237,517,479,362,358,,,,data/live_crops/person/person_20251019_041104_00055_362_358.jpg,0.65,0.359,0.315
1760847064.9029584,bottle,0.5325,38,240,65,314,51,277,,,,data/live_crops/bottle/bottle_20251019_041104_00055_51_277.jpg,0.65,0.359,0.315
1760847064.9033918,bottle,0.5163,14,221,45,319,29,270,,,,data/live_crops/bottle/bottle_20251019_041104_00055_29_270.jpg,0.65,0.359,0.315
1760847064.9037826,suitcase,0.3556,0,402,162,479,81,440,,,,data/live_crops/suitcase/suitcase_20251019_041104_00055_81_440.jpg,0.65,0.359,0.315
1760847065.0152001,person,0.8754,208,237,520,479,364,358,,,,data/live_crops/person/person_20251019_041105_00056_364_358.jpg,0.65,0.359,0.315
1760847065.01564,bottle,0.4494,38,242,66,313,52,277,,,,data/live_crops/bottle/bottle_20251019_041105_00056_52_277.jpg,0.65,0.359,0.315
1760847065.0160487,suitcase,0.4444,5,400,161,479,83,439,,,,data/live_crops/suitcase/suitcase_20251019_041105_00056_83_439.jpg,0.65,0.359,0.315
1760847065.016465,bottle,0.3826,14,222,45,319,29,270,,,,data/live_crops/bottle/bottle_20251019_041105_00056_29_270.jpg,0.65,0.359,0.315
1760847065.0167522,car,0.3808,0,202,110,255,55,228,,,,data/live_crops/car/car_20251019_041105_00056_55_228.jpg,0.65,0.359,0.315
1760847065.1342459,person,0.8871,208,236,509,479,358,357,,,,data/live_crops/person/person_20251019_041105_00057_358_357.jpg,0.311,0.686,0.679
1760847065.1347075,bottle,0.5765,13,223,46,319,29,271,,,,data/live_crops/bottle/bottle_20251019_041105_00057_29_271.jpg,0.311,0.686,0.679
1760847065.1350243,car,0.4228,0,201,110,254,55,227,,,,data/live_crops/car/car_20251019_041105_00057_55_227.jpg,0.311,0.686,0.679
1760847065.1353161,bottle,0.4162,37,242,65,314,51,278,,,,data/live_crops/bottle/bottle_20251019_041105_00057_51_278.jpg,0.311,0.686,0.679
1760847065.1357026,suitcase,0.3967,0,401,164,479,82,440,,,,data/live_crops/suitcase/suitcase_20251019_041105_00057_82_440.jpg,0.311,0.686,0.679
1760847065.2476175,person,0.8710,208,236,521,479,364,357,,,,data/live_crops/person/person_20251019_041105_00058_364_357.jpg,0.311,0.686,0.679
1760847065.2483542,bottle,0.7141,13,223,45,320,29,271,,,,data/live_crops/bottle/bottle_20251019_041105_00058_29_271.jpg,0.311,0.686,0.679
1760847065.2488759,bottle,0.5770,39,241,66,315,52,278,,,,data/live_crops/bottle/bottle_20251019_041105_00058_52_278.jpg,0.311,0.686,0.679
1760847065.249396,suitcase,0.4272,0,401,161,479,80,440,,,,data/live_crops/suitcase/suitcase_20251019_041105_00058_80_440.jpg,0.311,0.686,0.679
1760847065.2497482,car,0.3491,0,201,114,255,57,228,,,,data/live_crops/car/car_20251019_041105_00058_57_228.jpg,0.311,0.686,0.679
1760847065.2500708,bottle,0.3328,161,223,189,293,175,258,,,,data/live_crops/bottle/bottle_20251019_041105_00058_175_258.jpg,0.311,0.686,0.679
1760847065.3621254,person,0.8782,209,236,512,479,360,357,,,,data/live_crops/person/person_20251019_041105_00059_360_357.jpg,0.311,0.686,0.679
1760847065.3627126,bottle,0.4042,36,233,65,314,50,273,,,,data/live_crops/bottle/bottle_20251019_041105_00059_50_273.jpg,0.311,0.686,0.679
1760847065.3632152,suitcase,0.3803,0,401,162,479,81,440,,,,data/live_crops/suitcase/suitcase_20251019_041105_00059_81_440.jpg,0.311,0.686,0.679
1760847065.3635364,car,0.3207,0,202,111,255,55,228,,,,data/live_crops/car/car_20251019_041105_00059_55_228.jpg,0.311,0.686,0.679
1760847065.3639805,bottle,0.3129,13,221,46,319,29,270,,,,data/live_crops/bottle/bottle_20251019_041105_00059_29_270.jpg,0.311,0.686,0.679
1760847065.4734426,person,0.8622,208,235,522,479,365,357,,,,data/live_crops/person/person_20251019_041105_00060_365_357.jpg,0.311,0.686,0.679
1760847065.4739883,suitcase,0.4121,7,400,161,479,84,439,,,,data/live_crops/suitcase/suitcase_20251019_041105_00060_84_439.jpg,0.311,0.686,0.679
1760847065.474287,car,0.3153,0,201,110,255,55,228,,,,data/live_crops/car/car_20251019_041105_00060_55_228.jpg,0.311,0.686,0.679
1760847065.4747021,bottle,0.2790,13,222,46,317,29,269,,,,data/live_crops/bottle/bottle_20251019_041105_00060_29_269.jpg,0.311,0.686,0.679
1760847065.474946,book,0.2541,590,362,640,393,615,377,,,,data/live_crops/book/book_20251019_041105_00060_615_377.jpg,0.311,0.686,0.679
1760847065.5951734,person,0.8765,209,236,516,479,362,357,,,,data/live_crops/person/person_20251019_041105_00061_362_357.jpg,0.925,0.826,0.478
1760847065.5955856,car,0.4746,0,202,105,255,52,228,,,,data/live_crops/car/car_20251019_041105_00061_52_228.jpg,0.925,0.826,0.478
1760847065.595886,bottle,0.4374,38,240,66,314,52,277,,,,data/live_crops/bottle/bottle_20251019_041105_00061_52_277.jpg,0.925,0.826,0.478
1760847065.5962665,bottle,0.4123,14,222,45,319,29,270,,,,data/live_crops/bottle/bottle_20251019_041105_00061_29_270.jpg,0.925,0.826,0.478
1760847065.5966182,suitcase,0.4115,5,401,161,479,83,440,,,,data/live_crops/suitcase/suitcase_20251019_041105_00061_83_440.jpg,0.925,0.826,0.478
1760847065.7099652,person,0.8603,209,235,516,479,362,357,,,,data/live_crops/person/person_20251019_041105_00062_362_357.jpg,0.925,0.826,0.478
1760847065.7102895,car,0.4582,0,202,111,255,55,228,,,,data/live_crops/car/car_20251019_041105_00062_55_228.jpg,0.925,0.826,0.478
1760847065.710675,suitcase,0.4295,3,401,162,479,82,440,,,,data/live_crops/suitcase/suitcase_20251019_041105_00062_82_440.jpg,0.925,0.826,0.478
1760847065.8268728,person,0.8434,209,234,517,479,363,356,,,,data/live_crops/person/person_20251019_041105_00063_363_356.jpg,0.925,0.826,0.478
1760847065.8273928,car,0.5710,0,201,114,254,57,227,,,,data/live_crops/car/car_20251019_041105_00063_57_227.jpg,0.925,0.826,0.478
1760847065.8277633,bottle,0.3133,37,235,66,314,51,274,,,,data/live_crops/bottle/bottle_20251019_041105_00063_51_274.jpg,0.925,0.826,0.478
1760847065.8282232,suitcase,0.2619,1,399,163,479,82,439,,,,data/live_crops/suitcase/suitcase_20251019_041105_00063_82_439.jpg,0.925,0.826,0.478
1760847065.9516475,person,0.8665,209,234,511,479,360,356,,,,data/live_crops/person/person_20251019_041105_00064_360_356.jpg,0.925,0.826,0.478
1760847065.952286,car,0.4500,0,202,110,255,55,228,,,,data/live_crops/car/car_20251019_041105_00064_55_228.jpg,0.925,0.826,0.478
1760847065.952765,suitcase,0.3171,2,402,161,479,81,440,,,,data/live_crops/suitcase/suitcase_20251019_041105_00064_81_440.jpg,0.925,0.826,0.478
1760847066.0601006,person,0.8407,209,234,521,479,365,356,,,,data/live_crops/person/person_20251019_041106_00065_365_356.jpg,0.773,0.325,0.349
1760847066.0606272,bottle,0.6938,13,223,45,320,29,271,,,,data/live_crops/bottle/bottle_20251019_041106_00065_29_271.jpg,0.773,0.325,0.349
1760847066.0609584,bottle,0.5140,39,240,65,314,52,277,,,,data/live_crops/bottle/bottle_20251019_041106_00065_52_277.jpg,0.773,0.325,0.349
1760847066.0613604,suitcase,0.4142,0,402,164,479,82,440,,,,data/live_crops/suitcase/suitcase_20251019_041106_00065_82_440.jpg,0.773,0.325,0.349
1760847066.0616724,car,0.3669,0,202,110,255,55,228,,,,data/live_crops/car/car_20251019_041106_00065_55_228.jpg,0.773,0.325,0.349
1760847066.1774178,person,0.8714,209,234,508,479,358,356,,,,data/live_crops/person/person_20251019_041106_00066_358_356.jpg,0.773,0.325,0.349
1760847066.1780612,car,0.5471,0,201,109,255,54,228,,,,data/live_crops/car/car_20251019_041106_00066_54_228.jpg,0.773,0.325,0.349
1760847066.1785426,bottle,0.4365,14,222,46,319,30,270,,,,data/live_crops/bottle/bottle_20251019_041106_00066_30_270.jpg,0.773,0.325,0.349
1760847066.1789813,suitcase,0.3840,0,399,165,479,82,439,,,,data/live_crops/suitcase/suitcase_20251019_041106_00066_82_439.jpg,0.773,0.325,0.349
1760847066.1793108,bottle,0.3423,37,237,65,314,51,275,,,,data/live_crops/bottle/bottle_20251019_041106_00066_51_275.jpg,0.773,0.325,0.349
1760847066.3042269,person,0.8235,209,234,516,479,362,356,,,,data/live_crops/person/person_20251019_041106_00067_362_356.jpg,0.773,0.325,0.349
1760847066.3047593,car,0.4606,0,201,108,255,54,228,,,,data/live_crops/car/car_20251019_041106_00067_54_228.jpg,0.773,0.325,0.349
1760847066.3053563,bottle,0.3464,13,222,45,319,29,270,,,,data/live_crops/bottle/bottle_20251019_041106_00067_29_270.jpg,0.773,0.325,0.349
1760847066.3060596,suitcase,0.3162,0,401,161,479,80,440,,,,data/live_crops/suitcase/suitcase_20251019_041106_00067_80_440.jpg,0.773,0.325,0.349
1760847066.3065133,bottle,0.3092,37,238,65,313,51,275,,,,data/live_crops/bottle/bottle_20251019_041106_00067_51_275.jpg,0.773,0.325,0.349
1760847066.4193163,person,0.8560,209,234,510,479,359,356,,,,data/live_crops/person/person_20251019_041106_00068_359_356.jpg,0.773,0.325,0.349
1760847066.4199824,car,0.5158,0,202,104,255,52,228,,,,data/live_crops/car/car_20251019_041106_00068_52_228.jpg,0.773,0.325,0.349
1760847066.4203746,bottle,0.4668,39,242,65,313,52,277,,,,data/live_crops/bottle/bottle_20251019_041106_00068_52_277.jpg,0.773,0.325,0.349
1760847066.4208891,suitcase,0.4309,1,401,164,479,82,440,,,,data/live_crops/suitcase/suitcase_20251019_041106_00068_82_440.jpg,0.773,0.325,0.349
1760847066.4214096,bottle,0.2940,14,222,45,318,29,270,,,,data/live_crops/bottle/bottle_20251019_041106_00068_29_270.jpg,0.773,0.325,0.349
1760847066.5312142,person,0.8110,209,234,519,479,364,356,,,,data/live_crops/person/person_20251019_041106_00069_364_356.jpg,0.354,0.762,0.648
1760847066.5317516,car,0.5647,0,202,113,255,56,228,,,,data/live_crops/car/car_20251019_041106_00069_56_228.jpg,0.354,0.762,0.648
1760847066.5322502,suitcase,0.3923,5,402,161,479,83,440,,,,data/live_crops/suitcase/suitcase_20251019_041106_00069_83_440.jpg,0.354,0.762,0.648
1760847066.5325842,bottle,0.3064,38,242,65,314,51,278,,,,data/live_crops/bottle/bottle_20251019_041106_00069_51_278.jpg,0.354,0.762,0.648
1760847066.64769,person,0.8664,208,234,511,479,359,356,,,,data/live_crops/person/person_20251019_041106_00070_359_356.jpg,0.354,0.762,0.648
1760847066.6481745,car,0.5318,0,201,109,256,54,228,,,,data/live_crops/car/car_20251019_041106_00070_54_228.jpg,0.354,0.762,0.648
1760847066.648588,suitcase,0.4970,0,402,161,479,80,440,,,,data/live_crops/suitcase/suitcase_20251019_041106_00070_80_440.jpg,0.354,0.762,0.648
1760847066.6490023,bottle,0.3186,13,223,45,319,29,271,,,,data/live_crops/bottle/bottle_20251019_041106_00070_29_271.jpg,0.354,0.762,0.648
1760847066.649284,bottle,0.2578,37,243,64,313,50,278,,,,data/live_crops/bottle/bottle_20251019_041106_00070_50_278.jpg,0.354,0.762,0.648
1760847066.7642403,person,0.8564,208,234,511,479,359,356,,,,data/live_crops/person/person_20251019_041106_00071_359_356.jpg,0.354,0.762,0.648
1760847066.7648425,car,0.5353,0,202,109,255,54,228,,,,data/live_crops/car/car_20251019_041106_00071_54_228.jpg,0.354,0.762,0.648
1760847066.765415,bottle,0.5312,13,222,46,320,29,271,,,,data/live_crops/bottle/bottle_20251019_041106_00071_29_271.jpg,0.354,0.762,0.648
1760847066.7658896,bottle,0.4425,35,235,65,314,50,274,,,,data/live_crops/bottle/bottle_20251019_041106_00071_50_274.jpg,0.354,0.762,0.648
1760847066.7665327,suitcase,0.3683,1,401,164,479,82,440,,,,data/live_crops/suitcase/suitcase_20251019_041106_00071_82_440.jpg,0.354,0.762,0.648
1760847066.88308,person,0.8186,208,234,517,479,362,356,,,,data/live_crops/person/person_20251019_041106_00072_362_356.jpg,0.354,0.762,0.648
1760847066.8833807,car,0.5602,0,201,109,255,54,228,,,,data/live_crops/car/car_20251019_041106_00072_54_228.jpg,0.354,0.762,0.648
1760847066.8837206,suitcase,0.3609,5,402,161,479,83,440,,,,data/live_crops/suitcase/suitcase_20251019_041106_00072_83_440.jpg,0.354,0.762,0.648
1760847066.9951656,person,0.8635,208,234,516,479,362,356,,,,data/live_crops/person/person_20251019_041106_00073_362_356.jpg,0.354,0.762,0.648
1760847066.995727,car,0.4505,0,202,107,255,53,228,,,,data/live_crops/car/car_20251019_041106_00073_53_228.jpg,0.354,0.762,0.648
1760847066.9962006,suitcase,0.3878,3,403,161,479,82,441,,,,data/live_crops/suitcase/suitcase_20251019_041106_00073_82_441.jpg,0.354,0.762,0.648
1760847066.9966218,bottle,0.3085,14,223,46,319,30,271,,,,data/live_crops/bottle/bottle_20251019_041106_00073_30_271.jpg,0.354,0.762,0.648
1760847066.9969246,bottle,0.2650,37,241,67,313,52,277,,,,data/live_crops/bottle/bottle_20251019_041106_00073_52_277.jpg,0.354,0.762,0.648
1760847067.1050303,person,0.8464,208,234,513,479,360,356,,,,data/live_crops/person/person_20251019_041107_00074_360_356.jpg,0.513,0.446,0.648
1760847067.105569,car,0.4957,0,201,109,255,54,228,,,,data/live_crops/car/car_20251019_041107_00074_54_228.jpg,0.513,0.446,0.648
1760847067.1060727,bottle,0.4517,13,223,46,319,29,271,,,,data/live_crops/bottle/bottle_20251019_041107_00074_29_271.jpg,0.513,0.446,0.648
1760847067.106477,bottle,0.3545,37,240,65,313,51,276,,,,data/live_crops/bottle/bottle_20251019_041107_00074_51_276.jpg,0.513,0.446,0.648
1760847067.107003,suitcase,0.2946,0,398,164,480,82,439,,,,data/live_crops/suitcase/suitcase_20251019_041107_00074_82_439.jpg,0.513,0.446,0.648
1760847067.24492,person,0.8541,208,235,513,479,360,357,,,,data/live_crops/person/person_20251019_041107_00075_360_357.jpg,0.513,0.446,0.648
1760847067.2453973,car,0.4769,0,202,111,255,55,228,,,,data/live_crops/car/car_20251019_041107_00075_55_228.jpg,0.513,0.446,0.648
1760847067.2458014,suitcase,0.4338,6,401,161,479,83,440,,,,data/live_crops/suitcase/suitcase_20251019_041107_00075_83_440.jpg,0.513,0.446,0.648
1760847067.2461243,bottle,0.3989,36,241,64,313,50,277,,,,data/live_crops/bottle/bottle_20251019_041107_00075_50_277.jpg,0.513,0.446,0.648
1760847067.2465508,bottle,0.2998,13,222,45,319,29,270,,,,data/live_crops/bottle/bottle_20251019_041107_00075_29_270.jpg,0.513,0.446,0.648
1760847067.2468262,remote,0.2550,573,393,626,415,599,404,,,,data/live_crops/remote/remote_20251019_041107_00075_599_404.jpg,0.513,0.446,0.648
1760847067.368905,person,0.8087,208,235,513,479,360,357,,,,data/live_crops/person/person_20251019_041107_00076_360_357.jpg,0.513,0.446,0.648
1760847067.3694193,suitcase,0.5077,8,401,161,479,84,440,,,,data/live_crops/suitcase/suitcase_20251019_041107_00076_84_440.jpg,0.513,0.446,0.648
1760847067.3697631,bottle,0.4930,37,237,66,314,51,275,,,,data/live_crops/bottle/bottle_20251019_041107_00076_51_275.jpg,0.513,0.446,0.648
1760847067.370084,car,0.4717,0,202,110,255,55,228,,,,data/live_crops/car/car_20251019_041107_00076_55_228.jpg,0.513,0.446,0.648
1760847067.3705142,bottle,0.4602,13,222,46,319,29,270,,,,data/live_crops/bottle/bottle_20251019_041107_00076_29_270.jpg,0.513,0.446,0.648
1760847067.4807274,person,0.8405,208,234,514,479,361,356,,,,data/live_crops/person/person_20251019_041107_00077_361_356.jpg,0.513,0.446,0.648
1760847067.4811924,bottle,0.6463,38,243,66,314,52,278,,,,data/live_crops/bottle/bottle_20251019_041107_00077_52_278.jpg,0.513,0.446,0.648
1760847067.4816842,bottle,0.5052,14,223,45,318,29,270,,,,data/live_crops/bottle/bottle_20251019_041107_00077_29_270.jpg,0.513,0.446,0.648
1760847067.4821508,suitcase,0.3329,5,401,161,479,83,440,,,,data/live_crops/suitcase/suitcase_20251019_041107_00077_83_440.jpg,0.513,0.446,0.648
1760847067.4825408,car,0.2876,0,201,112,256,56,228,,,,data/live_crops/car/car_20251019_041107_00077_56_228.jpg,0.513,0.446,0.648
1760847067.5959606,person,0.8658,208,234,515,479,361,356,,,,data/live_crops/person/person_20251019_041107_00078_361_356.jpg,0.702,0.4,0.844
1760847067.5964968,bottle,0.5450,14,223,45,319,29,271,,,,data/live_crops/bottle/bottle_20251019_041107_00078_29_271.jpg,0.702,0.4,0.844
1760847067.5968177,bottle,0.5200,38,240,64,314,51,277,,,,data/live_crops/bottle/bottle_20251019_041107_00078_51_277.jpg,0.702,0.4,0.844
1760847067.5972245,suitcase,0.4345,6,401,161,479,83,440,,,,data/live_crops/suitcase/suitcase_20251019_041107_00078_83_440.jpg,0.702,0.4,0.844
1760847067.597525,car,0.3054,0,201,109,255,54,228,,,,data/live_crops/car/car_20251019_041107_00078_54_228.jpg,0.702,0.4,0.844
1760847067.7098863,person,0.8504,208,234,519,479,363,356,,,,data/live_crops/person/person_20251019_041107_00079_363_356.jpg,0.702,0.4,0.844
1760847067.7102704,car,0.4925,0,201,109,255,54,228,,,,data/live_crops/car/car_20251019_041107_00079_54_228.jpg,0.702,0.4,0.844
1760847067.710665,suitcase,0.3814,0,400,161,479,80,439,,,,data/live_crops/suitcase/suitcase_20251019_041107_00079_80_439.jpg,0.702,0.4,0.844
1760847067.8225775,person,0.8489,208,233,514,479,361,356,,,,data/live_crops/person/person_20251019_041107_00080_361_356.jpg,0.702,0.4,0.844
1760847067.8232448,suitcase,0.5104,5,401,161,479,83,440,,,,data/live_crops/suitcase/suitcase_20251019_041107_00080_83_440.jpg,0.702,0.4,0.844
1760847067.8236024,car,0.4560,0,202,107,255,53,228,,,,data/live_crops/car/car_20251019_041107_00080_53_228.jpg,0.702,0.4,0.844
1760847067.8240423,bottle,0.3316,14,222,46,318,30,270,,,,data/live_crops/bottle/bottle_20251019_041107_00080_30_270.jpg,0.702,0.4,0.844
1760847067.8243246,bottle,0.2602,37,242,65,313,51,277,,,,data/live_crops/bottle/bottle_20251019_041107_00080_51_277.jpg,0.702,0.4,0.844
1760847067.9436147,person,0.8677,208,233,511,479,359,356,,,,data/live_crops/person/person_20251019_041107_00081_359_356.jpg,0.702,0.4,0.844
1760847067.944334,bottle,0.5145,14,222,46,320,30,271,,,,data/live_crops/bottle/bottle_20251019_041107_00081_30_271.jpg,0.702,0.4,0.844
1760847067.9447117,bottle,0.4024,38,242,66,311,52,276,,,,data/live_crops/bottle/bottle_20251019_041107_00081_52_276.jpg,0.702,0.4,0.844
1760847067.9451241,suitcase,0.3620,1,401,164,480,82,440,,,,data/live_crops/suitcase/suitcase_20251019_041107_00081_82_440.jpg,0.702,0.4,0.844
1760847067.9454155,car,0.3261,0,201,109,256,54,228,,,,data/live_crops/car/car_20251019_041107_00081_54_228.jpg,0.702,0.4,0.844
1760847067.9456992,bottle,0.2882,161,223,188,293,174,258,,,,data/live_crops/bottle/bottle_20251019_041107_00081_174_258.jpg,0.702,0.4,0.844
1760847068.0536208,person,0.8317,208,234,516,479,362,356,,,,data/live_crops/person/person_20251019_041108_00082_362_356.jpg,0.759,0.507,0.417
1760847068.0542872,bottle,0.7019,13,223,45,319,29,271,,,,data/live_crops/bottle/bottle_20251019_041108_00082_29_271.jpg,0.759,0.507,0.417
1760847068.0546522,bottle,0.5637,38,242,65,313,51,277,,,,data/live_crops/bottle/bottle_20251019_041108_00082_51_277.jpg,0.759,0.507,0.417
1760847068.0551062,suitcase,0.4893,3,400,161,479,82,439,,,,data/live_crops/suitcase/suitcase_20251019_041108_00082_82_439.jpg,0.759,0.507,0.417
1760847068.055515,car,0.4334,0,202,106,256,53,229,,,,data/live_crops/car/car_20251019_041108_00082_53_229.jpg,0.759,0.507,0.417
1760847068.0558484,bottle,0.2514,161,223,188,293,174,258,,,,data/live_crops/bottle/bottle_20251019_041108_00082_174_258.jpg,0.759,0.507,0.417
1760847068.1663754,person,0.8550,208,234,511,479,359,356,,,,data/live_crops/person/person_20251019_041108_00083_359_356.jpg,0.759,0.507,0.417
1760847068.1669152,car,0.4970,0,201,107,255,53,228,,,,data/live_crops/car/car_20251019_041108_00083_53_228.jpg,0.759,0.507,0.417
1760847068.1674004,bottle,0.3842,13,222,46,318,29,270,,,,data/live_crops/bottle/bottle_20251019_041108_00083_29_270.jpg,0.759,0.507,0.417
1760847068.1677825,bottle,0.3713,38,236,64,314,51,275,,,,data/live_crops/bottle/bottle_20251019_041108_00083_51_275.jpg,0.759,0.507,0.417
1760847068.168306,suitcase,0.3286,1,402,165,480,83,441,,,,data/live_crops/suitcase/suitcase_20251019_041108_00083_83_441.jpg,0.759,0.507,0.417
1760847068.2858143,person,0.8508,208,234,516,479,362,356,,,,data/live_crops/person/person_20251019_041108_00084_362_356.jpg,0.759,0.507,0.417
1760847068.2863755,car,0.5099,0,202,112,255,56,228,,,,data/live_crops/car/car_20251019_041108_00084_56_228.jpg,0.759,0.507,0.417
1760847068.2868226,suitcase,0.3209,1,402,161,479,81,440,,,,data/live_crops/suitcase/suitcase_20251019_041108_00084_81_440.jpg,0.759,0.507,0.417
1760847068.4035847,person,0.8427,208,234,510,479,359,356,,,,data/live_crops/person/person_20251019_041108_00085_359_356.jpg,0.759,0.507,0.417
1760847068.4040778,suitcase,0.4129,5,403,161,479,83,441,,,,data/live_crops/suitcase/suitcase_20251019_041108_00085_83_441.jpg,0.759,0.507,0.417
1760847068.404511,bottle,0.3836,14,222,46,319,30,270,,,,data/live_crops/bottle/bottle_20251019_041108_00085_30_270.jpg,0.759,0.507,0.417
1760847068.404802,car,0.3601,0,202,106,255,53,228,,,,data/live_crops/car/car_20251019_041108_00085_53_228.jpg,0.759,0.507,0.417
1760847068.5229013,person,0.8348,208,235,519,479,363,357,,,,data/live_crops/person/person_20251019_041108_00086_363_357.jpg,0.568,0.55,0.873
1760847068.5236576,bottle,0.5747,14,223,45,319,29,271,,,,data/live_crops/bottle/bottle_20251019_041108_00086_29_271.jpg,0.568,0.55,0.873
1760847068.5241935,suitcase,0.4474,1,399,161,479,81,439,,,,data/live_crops/suitcase/suitcase_20251019_041108_00086_81_439.jpg,0.568,0.55,0.873
1760847068.5246208,bottle,0.4460,37,236,65,314,51,275,,,,data/live_crops/bottle/bottle_20251019_041108_00086_51_275.jpg,0.568,0.55,0.873
1760847068.6352808,person,0.8429,207,234,511,479,359,356,,,,data/live_crops/person/person_20251019_041108_00087_359_356.jpg,0.568,0.55,0.873
1760847068.6357703,bottle,0.6956,14,223,45,320,29,271,,,,data/live_crops/bottle/bottle_20251019_041108_00087_29_271.jpg,0.568,0.55,0.873
1760847068.6360843,bottle,0.4837,39,240,65,314,52,277,,,,data/live_crops/bottle/bottle_20251019_041108_00087_52_277.jpg,0.568,0.55,0.873
1760847068.6364665,suitcase,0.3888,6,401,161,479,83,440,,,,data/live_crops/suitcase/suitcase_20251019_041108_00087_83_440.jpg,0.568,0.55,0.873
1760847068.6367588,car,0.3872,0,202,111,256,55,229,,,,data/live_crops/car/car_20251019_041108_00087_55_229.jpg,0.568,0.55,0.873
1760847068.748013,person,0.8676,208,234,510,479,359,356,,,,data/live_crops/person/person_20251019_041108_00088_359_356.jpg,0.568,0.55,0.873
1760847068.7486572,car,0.4074,0,202,112,255,56,228,,,,data/live_crops/car/car_20251019_041108_00088_56_228.jpg,0.568,0.55,0.873
1760847068.7491558,suitcase,0.3436,0,398,164,480,82,439,,,,data/live_crops/suitcase/suitcase_20251019_041108_00088_82_439.jpg,0.568,0.55,0.873
1760847068.7494802,bottle,0.2535,38,240,66,315,52,277,,,,data/live_crops/bottle/bottle_20251019_041108_00088_52_277.jpg,0.568,0.55,0.873
1760847068.86154,person,0.8606,208,234,513,479,360,356,,,,data/live_crops/person/person_20251019_041108_00089_360_356.jpg,0.568,0.55,0.873
1760847068.861922,car,0.6561,0,201,108,255,54,228,,,,data/live_crops/car/car_20251019_041108_00089_54_228.jpg,0.568,0.55,0.873
1760847068.862233,bottle,0.4781,38,241,65,314,51,277,,,,data/live_crops/bottle/bottle_20251019_041108_00089_51_277.jpg,0.568,0.55,0.873
1760847068.8626485,bottle,0.4466,13,221,45,319,29,270,,,,data/live_crops/bottle/bottle_20251019_041108_00089_29_270.jpg,0.568,0.55,0.873
1760847068.8630521,suitcase,0.3374,0,400,164,479,82,439,,,,data/live_crops/suitcase/suitcase_20251019_041108_00089_82_439.jpg,0.568,0.55,0.873
1760847068.9802837,person,0.8164,208,234,517,479,362,356,,,,data/live_crops/person/person_20251019_041108_00090_362_356.jpg,0.568,0.55,0.873
1760847068.9808276,bottle,0.6432,12,223,45,319,28,271,,,,data/live_crops/bottle/bottle_20251019_041108_00090_28_271.jpg,0.568,0.55,0.873
1760847068.9811597,bottle,0.5999,36,237,66,314,51,275,,,,data/live_crops/bottle/bottle_20251019_041108_00090_51_275.jpg,0.568,0.55,0.873
1760847068.9815698,suitcase,0.4015,0,400,161,479,80,439,,,,data/live_crops/suitcase/suitcase_20251019_041108_00090_80_439.jpg,0.568,0.55,0.873
1760847068.9818716,car,0.3792,0,201,108,255,54,228,,,,data/live_crops/car/car_20251019_041108_00090_54_228.jpg,0.568,0.55,0.873
1760847069.0905893,person,0.8432,208,234,514,479,361,356,,,,data/live_crops/person/person_20251019_041109_00091_361_356.jpg,0.476,0.429,0.751
1760847069.0911424,car,0.4980,0,202,105,255,52,228,,,,data/live_crops/car/car_20251019_041109_00091_52_228.jpg,0.476,0.429,0.751
1760847069.0915358,bottle,0.4693,38,241,66,314,52,277,,,,data/live_crops/bottle/bottle_20251019_041109_00091_52_277.jpg,0.476,0.429,0.751
1760847069.0919812,suitcase,0.4360,6,403,161,479,83,441,,,,data/live_crops/suitcase/suitcase_20251019_041109_00091_83_441.jpg,0.476,0.429,0.751
1760847069.0924969,bottle,0.4177,14,222,46,319,30,270,,,,data/live_crops/bottle/bottle_20251019_041109_00091_30_270.jpg,0.476,0.429,0.751
1760847069.2023535,person,0.8580,208,235,510,479,359,357,,,,data/live_crops/person/person_20251019_041109_00092_359_357.jpg,0.476,0.429,0.751
1760847069.2032237,bottle,0.5855,13,223,45,319,29,271,,,,data/live_crops/bottle/bottle_20251019_041109_00092_29_271.jpg,0.476,0.429,0.751
1760847069.2037735,bottle,0.5789,39,242,65,313,52,277,,,,data/live_crops/bottle/bottle_20251019_041109_00092_52_277.jpg,0.476,0.429,0.751
1760847069.204504,suitcase,0.3689,1,401,163,480,82,440,,,,data/live_crops/suitcase/suitcase_20251019_041109_00092_82_440.jpg,0.476,0.429,0.751
1760847069.2051353,car,0.2855,0,201,110,255,55,228,,,,data/live_crops/car/car_20251019_041109_00092_55_228.jpg,0.476,0.429,0.751
1760847069.3141193,person,0.8598,208,235,508,479,358,357,,,,data/live_crops/person/person_20251019_041109_00093_358_357.jpg,0.476,0.429,0.751
1760847069.3148153,car,0.5394,0,202,109,255,54,228,,,,data/live_crops/car/car_20251019_041109_00093_54_228.jpg,0.476,0.429,0.751
1760847069.3153105,bottle,0.4663,37,241,65,313,51,277,,,,data/live_crops/bottle/bottle_20251019_041109_00093_51_277.jpg,0.476,0.429,0.751
1760847069.3159413,suitcase,0.3622,0,401,162,479,81,440,,,,data/live_crops/suitcase/suitcase_20251019_041109_00093_81_440.jpg,0.476,0.429,0.751
1760847069.4276865,person,0.8638,208,234,518,479,363,356,,,,data/live_crops/person/person_20251019_041109_00094_363_356.jpg,0.476,0.429,0.751
1760847069.4281142,suitcase,0.3869,0,401,161,479,80,440,,,,data/live_crops/suitcase/suitcase_20251019_041109_00094_80_440.jpg,0.476,0.429,0.751
1760847069.4284346,car,0.3746,0,202,112,255,56,228,,,,data/live_crops/car/car_20251019_041109_00094_56_228.jpg,0.476,0.429,0.751
1760847069.4288225,bottle,0.3295,36,226,65,314,50,270,,,,data/live_crops/bottle/bottle_20251019_041109_00094_50_270.jpg,0.476,0.429,0.751
1760847069.4293141,bottle,0.3070,14,222,46,319,30,270,,,,data/live_crops/bottle/bottle_20251019_041109_00094_30_270.jpg,0.476,0.429,0.751
1760847069.540764,person,0.8383,208,234,515,479,361,356,,,,data/live_crops/person/person_20251019_041109_00095_361_356.jpg,0.562,0.615,0.852
1760847069.5415964,car,0.4784,0,201,110,255,55,228,,,,data/live_crops/car/car_20251019_041109_00095_55_228.jpg,0.562,0.615,0.852
1760847069.542125,suitcase,0.2966,0,399,165,479,82,439,,,,data/live_crops/suitcase/suitcase_20251019_041109_00095_82_439.jpg,0.562,0.615,0.852
1760847069.652912,person,0.8818,208,235,503,479,355,357,,,,data/live_crops/person/person_20251019_041109_00096_355_357.jpg,0.562,0.615,0.852
1760847069.653628,bottle,0.4068,13,222,46,319,29,270,,,,data/live_crops/bottle/bottle_20251019_041109_00096_29_270.jpg,0.562,0.615,0.852
1760847069.6540182,car,0.3946,0,202,111,255,55,228,,,,data/live_crops/car/car_20251019_041109_00096_55_228.jpg,0.562,0.615,0.852
1760847069.6544523,bottle,0.3684,34,226,66,314,50,270,,,,data/live_crops/bottle/bottle_20251019_041109_00096_50_270.jpg,0.562,0.615,0.852
1760847069.6548522,suitcase,0.2770,1,401,164,479,82,440,,,,data/live_crops/suitcase/suitcase_20251019_041109_00096_82_440.jpg,0.562,0.615,0.852
1760847069.7633734,person,0.8682,208,236,508,479,358,357,,,,data/live_crops/person/person_20251019_041109_00097_358_357.jpg,0.562,0.615,0.852
1760847069.7638855,bottle,0.4664,37,240,65,311,51,275,,,,data/live_crops/bottle/bottle_20251019_041109_00097_51_275.jpg,0.562,0.615,0.852
1760847069.76446,bottle,0.4528,14,223,45,320,29,271,,,,data/live_crops/bottle/bottle_20251019_041109_00097_29_271.jpg,0.562,0.615,0.852
1760847069.7648308,suitcase,0.3466,1,401,164,479,82,440,,,,data/live_crops/suitcase/suitcase_20251019_041109_00097_82_440.jpg,0.562,0.615,0.852
1760847069.7651033,car,0.3391,0,202,106,255,53,228,,,,data/live_crops/car/car_20251019_041109_00097_53_228.jpg,0.562,0.615,0.852
1760847069.7653568,bottle,0.2675,161,223,188,293,174,258,,,,data/live_crops/bottle/bottle_20251019_041109_00097_174_258.jpg,0.562,0.615,0.852
1760847069.8782458,person,0.8611,208,236,506,479,357,357,,,,data/live_crops/person/person_20251019_041109_00098_357_357.jpg,0.562,0.615,0.852
1760847069.8788872,bottle,0.6007,12,223,46,320,29,271,,,,data/live_crops/bottle/bottle_20251019_041109_00098_29_271.jpg,0.562,0.615,0.852
1760847069.879234,bottle,0.5052,37,237,66,314,51,275,,,,data/live_crops/bottle/bottle_20251019_041109_00098_51_275.jpg,0.562,0.615,0.852
1760847069.8796086,suitcase,0.4121,0,401,161,479,80,440,,,,data/live_crops/suitcase/suitcase_20251019_041109_00098_80_440.jpg,0.562,0.615,0.852
1760847069.8798892,car,0.3020,0,202,107,255,53,228,,,,data/live_crops/car/car_20251019_041109_00098_53_228.jpg,0.562,0.615,0.852
1760847069.9886267,person,0.8756,207,237,509,479,358,358,,,,data/live_crops/person/person_20251019_041109_00099_358_358.jpg,0.562,0.615,0.852
1760847069.9892917,suitcase,0.4662,6,401,161,479,83,440,,,,data/live_crops/suitcase/suitcase_20251019_041109_00099_83_440.jpg,0.562,0.615,0.852
1760847069.9896576,car,0.4582,0,202,111,255,55,228,,,,data/live_crops/car/car_20251019_041109_00099_55_228.jpg,0.562,0.615,0.852
1760847069.9900098,bottle,0.4500,37,236,66,314,51,275,,,,data/live_crops/bottle/bottle_20251019_041109_00099_51_275.jpg,0.562,0.615,0.852
1760847069.9904227,bottle,0.3483,13,222,45,319,29,270,,,,data/live_crops/bottle/bottle_20251019_041109_00099_29_270.jpg,0.562,0.615,0.852
1760847069.9906614,book,0.2551,589,362,640,395,614,378,,,,data/live_crops/book/book_20251019_041109_00099_614_378.jpg,0.562,0.615,0.852
1760847070.1061482,person,0.8726,208,236,505,479,356,357,,,,data/live_crops/person/person_20251019_041110_00100_356_357.jpg,0.531,0.496,0.491
1760847070.1064935,car,0.5011,0,202,109,254,54,228,,,,data/live_crops/car/car_20251019_041110_00100_54_228.jpg,0.531,0.496,0.491
1760847070.1068678,bottle,0.4903,38,235,64,313,51,274,,,,data/live_crops/bottle/bottle_20251019_041110_00100_51_274.jpg,0.531,0.496,0.491
1760847070.10728,bottle,0.4826,13,221,45,319,29,270,,,,data/live_crops/bottle/bottle_20251019_041110_00100_29_270.jpg,0.531,0.496,0.491
1760847070.1076689,suitcase,0.3121,1,401,164,479,82,440,,,,data/live_crops/suitcase/suitcase_20251019_041110_00100_82_440.jpg,0.531,0.496,0.491
1760847070.2186334,person,0.8720,208,237,507,479,357,358,,,,data/live_crops/person/person_20251019_041110_00101_357_358.jpg,0.531,0.496,0.491
1760847070.2193804,bottle,0.5897,14,222,45,319,29,270,,,,data/live_crops/bottle/bottle_20251019_041110_00101_29_270.jpg,0.531,0.496,0.491
1760847070.2198844,bottle,0.5481,36,231,65,314,50,272,,,,data/live_crops/bottle/bottle_20251019_041110_00101_50_272.jpg,0.531,0.496,0.491
1760847070.220231,car,0.3881,0,201,105,255,52,228,,,,data/live_crops/car/car_20251019_041110_00101_52_228.jpg,0.531,0.496,0.491
1760847070.220681,suitcase,0.3806,2,400,161,479,81,439,,,,data/live_crops/suitcase/suitcase_20251019_041110_00101_81_439.jpg,0.531,0.496,0.491
1760847070.2211552,bottle,0.2807,161,223,189,293,175,258,,,,data/live_crops/bottle/bottle_20251019_041110_00101_175_258.jpg,0.531,0.496,0.491
